{
  "千代田区": {
    "city": "千代田区",
    "center": [
      35.6938097,
      139.7532163
    ],
    "map_zoom": 13
  },
  "中央区": {
    "city": "中央区",
    "center": [
      35.6706436,
      139.7719923
    ],
    "map_zoom": 13
  },
  "新宿区": {
    "city": "新宿区",
    "center": [
      35.6937632,
      139.7036319
    ],
    "map_zoom": 12
  },
  "台東区": {
    "city": "台東区",
    "center": [
      35.7125805,
      139.7800712
    ],
    "map_zoom": 13
  },
  "墨田区": {
    "city": "墨田区",
    "center": [
      35.7104196,
      139.8017421
    ],
    "map_zoom": 13
  },
  "品川区": {
    "city": "品川区",
    "center": [
      35.6092008,
      139.7301982
    ],
    "map_zoom": 13
  },
  "目黒区": {
    "city": "目黒区",
    "center": [
      35.6412891,
      139.6983834
    ],
    "map_zoom": 13
  },
  "大田区": {
    "city": "大田区",
    "center": [
      35.561206,
      139.715843
    ],
    "map_zoom": 13
  },
  "世田谷区": {
    "city": "世田谷区",
    "center": [
      35.6465668,
      139.6532284
    ],
    "map_zoom": 13
  },
  "渋谷区": {
    "city": "渋谷区",
    "center": [
      35.663676,
      139.6976754
    ],
    "map_zoom": 13
  },
  "中野区": {
    "city": "中野区",
    "center": [
      35.7077741,
      139.6638239
    ],
    "map_zoom": 13
  },
  "杉並区": {
    "city": "杉並区",
    "center": [
      35.6994929,
      139.6362876
    ],
    "map_zoom": 13
  },
  "豊島区": {
    "city": "豊島区",
    "center": [
      35.725913,
      139.7166365
    ],
    "map_zoom": 13
  },
  "荒川区": {
    "city": "荒川区",
    "center": [
      35.737529,
      139.78131
    ],
    "map_zoom": 13
  },
  "板橋区": {
    "city": "板橋区",
    "center": [
      35.7512814,
      139.7087794
    ],
    "map_zoom": 13
  },
  "練馬区": {
    "city": "練馬区",
    "center": [
      35.7506445,
      139.6162651
    ],
    "map_zoom": 13
  },
  "足立区": {
    "city": "足立区",
    "center": [
      35.7746029,
      139.8045163
    ],
    "map_zoom": 13
  },
  "葛飾区": {
    "city": "葛飾区",
    "center": [
      35.7433912,
      139.8473472
    ],
    "map_zoom": 13
  },
  "江戸川区": {
    "city": "江戸川区",
    "center": [
      35.7066318,
      139.868677
    ],
    "map_zoom": 13
  },
  "八王子市": {
    "city": "八王子市",
    "center": [
      35.6663595,
      139.3163653
    ],
    "map_zoom": 11
  },
  "武蔵野市": {
    "city": "武蔵野市",
    "center": [
      35.7177239,
      139.5659802
    ],
    "map_zoom": 13
  },
  "府中市": {
    "city": "府中市",
    "center": [
      35.6693751,
      139.4774094
    ],
    "map_zoom": 12
  },
  "昭島市": {
    "city": "昭島市",
    "center": [
      35.7058081,
      139.3536109
    ],
    "map_zoom": 13
  },
  "町田市": {
    "city": "町田市",
    "center": [
      35.5466803,
      139.4386999
    ],
    "map_zoom": 13
  },
  "小金井市": {
    "city": "小金井市",
    "center": [
      35.7041083,
      139.5106759
    ],
    "map_zoom": 13
  },
  "小平市": {
    "city": "小平市",
    "center": [
      35.72522,
      139.476606
    ],
    "map_zoom": 13
  },
  "日野市": {
    "city": "日野市",
    "center": [
      35.6713394,
      139.3949801
    ],
    "map_zoom": 13
  },
  "西東京市": {
    "city": "西東京市",
    "center": [
      35.7261366,
      139.5380347
    ],
    "map_zoom": 13
  },
  "北多摩第四": {
    "city": "東久留米市,清瀬市",
    "center": [
      35.752546,
      139.519089
    ],
    "map_zoom": 13
  },
  "南多摩": {
    "city": "稲城市,多摩市",
    "center": [
      35.638229,
      139.507776
    ],
    "map_zoom": 13
  },
  "西多摩": {
    "city": "羽村市,福生市,あきる野市,瑞穂町,奥多摩町,日の出町,檜原村",
    "center": [
      35.764833,
      139.307862
    ],
    "map_zoom": 13
  },
  "島部": {
    "city": "大島町,利島村,新島村,神津島村,三宅村,御蔵島村,八丈町,青ヶ島村,小笠原村",
    "center": [
      33.103,
      139.8035
    ],
    "map_zoom": 5
  },
  "北多摩第三": {
    "city": "調布市,狛江市",
    "center": [
      35.6506036,
      139.5407066
    ],
    "map_zoom": 13
  },
  "北多摩第二": {
    "city": "国立市,国分寺市",
    "center": [
      35.681991,
      139.43624
    ],
    "map_zoom": 13
  },
  "北多摩第一": {
    "city": "東村山市,東大和市,武蔵村山市",
    "center": [
      35.768929,
      139.484539
    ],
    "map_zoom": 13
  }
}